t_s;zaman;yon;cmd;komut;tip;seq;len;veri_hex;mantiksal_hex;hat_hex;anlam
0.000;2026-10-04T21:50:29.923+03:00;RTU→MH;0x22;CFG_WRITE;SET;14;104;00124b0038c9f1cb0101000000c040000050419a99993e00007a44000000403264001e00b4003c000000a040c800640028000300012700000000408813000000420100000000000000000000000000000000000000000000000000000000000000000000000053ae;010202220e689700124b0038c9f1cb0101000000c040000050419a99993e00007a44000000403264001e00b4003c000000a040c800640028000300012700000000408813000000420100000000000000000000000000000000000000000000000000000000000000000000000053ae0bf0;0008010202220e689703124b0738c9f1cb0101010103c040010750419a99993e01037a44010104403264021e02b4023c010104a040c802640228020303012701010104408813010103420101010101010101010101010101010101010101010101010101010101010101010101010553ae0bf000;Config write — istek
0.019;2026-10-04T21:50:29.942+03:00;MH→RTU;0x22;CFG_WRITE;ACK;14;0;;020103220e00ff88e5;0006020103220e04ff88e500;Config write — yanıt
1.002;2026-10-04T21:50:30.926+03:00;RTU→MH;0x22;CFG_WRITE;SET;15;104;00124b0038c9f1c30101000000c040000050419a99993e00007a44000000403264001e00b4003c000000a040c800640028000300012700000000408813000000420100000000000000000000000000000000000000000000000000000000000000000000000053ae;010202220f689700124b0038c9f1c30101000000c040000050419a99993e00007a44000000403264001e00b4003c000000a040c800640028000300012700000000408813000000420100000000000000000000000000000000000000000000000000000000000000000000000053ae9313;0008010202220f689703124b0738c9f1c30101010103c040010750419a99993e01037a44010104403264021e02b4023c010104a040c802640228020303012701010104408813010103420101010101010101010101010101010101010101010101010101010101010101010101010553ae931300;Config write — istek
1.027;2026-10-04T21:50:30.950+03:00;MH→RTU;0x22;CFG_WRITE;ACK;15;0;;020103220f00ffb8d2;0006020103220f04ffb8d200;Config write — yanıt
2.006;2026-10-04T21:50:31.930+03:00;RTU→MH;0x22;CFG_WRITE;SET;16;104;00124b0038c9f1bf0101000000c040000050419a99993e00007a44000000403264001e00b4003c000000a040c800640028000300012700000000408813000000420100000000000000000000000000000000000000000000000000000000000000000000000053ae;0102022210689700124b0038c9f1bf0101000000c040000050419a99993e00007a44000000403264001e00b4003c000000a040c800640028000300012700000000408813000000420100000000000000000000000000000000000000000000000000000000000000000000000053aef1d1;00080102022210689703124b0738c9f1bf0101010103c040010750419a99993e01037a44010104403264021e02b4023c010104a040c802640228020303012701010104408813010103420101010101010101010101010101010101010101010101010101010101010101010101010553aef1d100;Config write — istek
2.018;2026-10-04T21:50:31.942+03:00;MH→RTU;0x22;CFG_WRITE;ACK;16;0;;020103221000ffeabd;0006020103221004ffeabd00;Config write — yanıt
3.009;2026-10-04T21:50:32.932+03:00;RTU→MH;0x24;CFG_COMMIT;SET;17;1;01;010202241101fe013066;000b010202241101fe01306600;Config commit — istek
3.042;2026-10-04T21:50:32.965+03:00;MH→RTU;0x24;CFG_COMMIT;ACK;17;0;;020103241100ff43ad;0006020103241104ff43ad00;Config commit — yanıt
3.042;2026-10-04T21:50:32.965+03:00;MH→RTU;0x21;CFG_STATUS_NOTIFY;SET;98;8;0101000000000000;020102216208f701010000000000004fc1;000a020102216208f701010101010101034fc100;Config status notify — bildirim
23.815;2026-10-04T21:50:53.738+03:00;MH→RTU;0x21;CFG_STATUS_NOTIFY;SET;110;8;0102070000000100;020102216e08f701020700000001007411;000b020102216e08f70102070101020103741100;Config status notify — bildirim
68.806;2026-10-04T21:51:38.729+03:00;MH→RTU;0x21;CFG_STATUS_NOTIFY;SET;134;8;01030700b1840900;020102218608f701030700b1840900c885;000b020102218608f701030704b1840903c88500;Config status notify — bildirim
